Model,RMSE,MAE,Precision,Recall,F1-score
MLP,7.268600281266547,0.9786224365234375,0.6388771413914317,0.47877080487675394,0.5466808675317079
CNN,6.553474541375218,0.9675419926643372,0.6183508926469619,0.4150311165187892,0.4193728869749025
LSTM,6.47892042798099,1.0018094778060913,0.6496436783817887,0.4621355029377961,0.5313965121227656
GRU,6.510695534392061,0.9861721396446228,0.6322780417045932,0.3409380175081124,0.42474626476248334
CNN-LSTM,6.598525501037471,1.076777458190918,0.5822308259587021,0.3574297074749441,0.3912940422107278
